Symbol,Class,Methodology,Window_Size,MA_Type,Flat,Dynamic_limits,ticker,data_type,leverage,max_risk,reward_ratio,capital,Strategy,Total Gross Profit,Annualized Profit,Largest Trade Win,Average Trade Win,Average Daily Profit,Length of Average Win,Max Winning Streak,Max Drawdown,Largest Trade Loss,Average Trade Loss,Average Daily Loss,Length of Average Loss,Max Losing Streak,Number of Trades Per Year,Percentage of Winning Trades,Expected Trade Result,Percentage of Positive Profit Days,Calmar Ratio,Period,key,key2
EURUSD=X,FX,SMA1M,31,SMA,TRUE,TRUE,EURUSD=X,out_of_sample,1,0.1,5,1000,Active,39,3.39,50,21,3.32,48,2,-4.77,-14,-6,-2.66,14,5,9,29,4.35,47,0.7107,2024-02-13 to 2025-03-21,EURUSD=X_Active_SMA1M_31_SMA_TRUE_TRUE_1_0.1_5,EURUSD=X_31
EURUSD=X,FX,SMA1M,31,SMA,TRUE,TRUE,EURUSD=X,out_of_sample,1,0.1,5,1000,Passive,5,0.4,Not Applicable,Not Applicable,3.34,Not Applicable,Not Applicable,-8.45,Not Applicable,Not Applicable,-2.87,Not Applicable,Not Applicable,0,Not Applicable,Not Applicable,Not Applicable,0.0473,2024-02-13 to 2025-03-21,EURUSD=X_Passive_SMA1M_31_SMA_TRUE_TRUE_1_0.1_5,EURUSD=X_31
EURUSD=X,FX,SMA1M,31,SMA,TRUE,TRUE,EURUSD=X,out_of_sample,1,0.1,10,1000,Active,39,3.39,50,21,3.32,48,2,-4.77,-14,-6,-2.66,14,5,9,29,4.35,47,0.7107,2024-02-13 to 2025-03-21,EURUSD=X_Active_SMA1M_31_SMA_TRUE_TRUE_1_0.1_10,EURUSD=X_31
EURUSD=X,FX,SMA1M,31,SMA,TRUE,TRUE,EURUSD=X,out_of_sample,1,0.1,10,1000,Passive,5,0.4,Not Applicable,Not Applicable,3.34,Not Applicable,Not Applicable,-8.45,Not Applicable,Not Applicable,-2.87,Not Applicable,Not Applicable,0,Not Applicable,Not Applicable,Not Applicable,0.0473,2024-02-13 to 2025-03-21,EURUSD=X_Passive_SMA1M_31_SMA_TRUE_TRUE_1_0.1_10,EURUSD=X_31
EURUSD=X,FX,SMA1M,31,SMA,TRUE,FALSE,EURUSD=X,out_of_sample,1,0.1,5,1000,Active,39,3.39,50,21,3.32,48,2,-4.77,-14,-6,-2.66,14,5,9,29,4.35,47,0.7107,2024-02-13 to 2025-03-21,EURUSD=X_Active_SMA1M_31_SMA_TRUE_FALSE_1_0.1_5,EURUSD=X_31
EURUSD=X,FX,SMA1M,31,SMA,TRUE,FALSE,EURUSD=X,out_of_sample,1,0.1,5,1000,Passive,5,0.4,Not Applicable,Not Applicable,3.34,Not Applicable,Not Applicable,-8.45,Not Applicable,Not Applicable,-2.87,Not Applicable,Not Applicable,0,Not Applicable,Not Applicable,Not Applicable,0.0473,2024-02-13 to 2025-03-21,EURUSD=X_Passive_SMA1M_31_SMA_TRUE_FALSE_1_0.1_5,EURUSD=X_31
EURUSD=X,FX,SMA1M,31,SMA,TRUE,FALSE,EURUSD=X,out_of_sample,5,0.1,5,1000,Active,126,10.98,231,99,15.34,48,2,-23.27,-76,-37,-12.52,15,5,9,29,17.98,40,0.4719,2024-02-13 to 2025-03-21,EURUSD=X_Active_SMA1M_31_SMA_TRUE_FALSE_5_0.1_5,EURUSD=X_31
EURUSD=X,FX,SMA1M,31,SMA,TRUE,FALSE,EURUSD=X,out_of_sample,5,0.1,5,1000,Passive,-27,-2.37,Not Applicable,Not Applicable,15.99,Not Applicable,Not Applicable,-36.79,Not Applicable,Not Applicable,-14.08,Not Applicable,Not Applicable,0,Not Applicable,Not Applicable,Not Applicable,-0.0644,2024-02-13 to 2025-03-21,EURUSD=X_Passive_SMA1M_31_SMA_TRUE_FALSE_5_0.1_5,EURUSD=X_31
EURUSD=X,FX,SMA1M,31,SMA,TRUE,FALSE,EURUSD=X,out_of_sample,1,0.1,10,1000,Active,39,3.39,50,21,3.32,48,2,-4.77,-14,-6,-2.66,14,5,9,29,4.35,47,0.7107,2024-02-13 to 2025-03-21,EURUSD=X_Active_SMA1M_31_SMA_TRUE_FALSE_1_0.1_10,EURUSD=X_31
EURUSD=X,FX,SMA1M,31,SMA,TRUE,FALSE,EURUSD=X,out_of_sample,1,0.1,10,1000,Passive,5,0.4,Not Applicable,Not Applicable,3.34,Not Applicable,Not Applicable,-8.45,Not Applicable,Not Applicable,-2.87,Not Applicable,Not Applicable,0,Not Applicable,Not Applicable,Not Applicable,0.0473,2024-02-13 to 2025-03-21,EURUSD=X_Passive_SMA1M_31_SMA_TRUE_FALSE_1_0.1_10,EURUSD=X_31
EURUSD=X,FX,SMA1M,31,SMA,TRUE,FALSE,EURUSD=X,out_of_sample,5,0.1,10,1000,Active,126,10.98,231,99,15.34,48,2,-23.27,-76,-37,-12.52,15,5,9,29,17.98,40,0.4719,2024-02-13 to 2025-03-21,EURUSD=X_Active_SMA1M_31_SMA_TRUE_FALSE_5_0.1_10,EURUSD=X_31
EURUSD=X,FX,SMA1M,31,SMA,TRUE,FALSE,EURUSD=X,out_of_sample,5,0.1,10,1000,Passive,-27,-2.37,Not Applicable,Not Applicable,15.99,Not Applicable,Not Applicable,-36.79,Not Applicable,Not Applicable,-14.08,Not Applicable,Not Applicable,0,Not Applicable,Not Applicable,Not Applicable,-0.0644,2024-02-13 to 2025-03-21,EURUSD=X_Passive_SMA1M_31_SMA_TRUE_FALSE_5_0.1_10,EURUSD=X_31
EURUSD=X,FX,SMA1M,31,SMA,FALSE,TRUE,EURUSD=X,out_of_sample,1,0.1,5,1000,Active,39,3.39,50,21,3.32,48,2,-4.77,-14,-6,-2.66,14,5,9,29,4.35,47,0.7107,2024-02-13 to 2025-03-21,EURUSD=X_Active_SMA1M_31_SMA_FALSE_TRUE_1_0.1_5,EURUSD=X_31
EURUSD=X,FX,SMA1M,31,SMA,FALSE,TRUE,EURUSD=X,out_of_sample,1,0.1,5,1000,Passive,5,0.4,Not Applicable,Not Applicable,3.34,Not Applicable,Not Applicable,-8.45,Not Applicable,Not Applicable,-2.87,Not Applicable,Not Applicable,0,Not Applicable,Not Applicable,Not Applicable,0.0473,2024-02-13 to 2025-03-21,EURUSD=X_Passive_SMA1M_31_SMA_FALSE_TRUE_1_0.1_5,EURUSD=X_31
EURUSD=X,FX,SMA1M,31,SMA,FALSE,TRUE,EURUSD=X,out_of_sample,5,0.1,5,1000,Active,161,13.96,231,100,15.37,48,2,-20.91,-76,-31,-12.41,14,5,9,29,20.01,47,0.6676,2024-02-13 to 2025-03-21,EURUSD=X_Active_SMA1M_31_SMA_FALSE_TRUE_5_0.1_5,EURUSD=X_31
EURUSD=X,FX,SMA1M,31,SMA,FALSE,TRUE,EURUSD=X,out_of_sample,5,0.1,5,1000,Passive,-27,-2.37,Not Applicable,Not Applicable,15.99,Not Applicable,Not Applicable,-36.79,Not Applicable,Not Applicable,-14.08,Not Applicable,Not Applicable,0,Not Applicable,Not Applicable,Not Applicable,-0.0644,2024-02-13 to 2025-03-21,EURUSD=X_Passive_SMA1M_31_SMA_FALSE_TRUE_5_0.1_5,EURUSD=X_31
EURUSD=X,FX,SMA1M,31,SMA,FALSE,TRUE,EURUSD=X,out_of_sample,1,0.1,10,1000,Active,39,3.39,50,21,3.32,48,2,-4.77,-14,-6,-2.66,14,5,9,29,4.35,47,0.7107,2024-02-13 to 2025-03-21,EURUSD=X_Active_SMA1M_31_SMA_FALSE_TRUE_1_0.1_10,EURUSD=X_31
EURUSD=X,FX,SMA1M,31,SMA,FALSE,TRUE,EURUSD=X,out_of_sample,1,0.1,10,1000,Passive,5,0.4,Not Applicable,Not Applicable,3.34,Not Applicable,Not Applicable,-8.45,Not Applicable,Not Applicable,-2.87,Not Applicable,Not Applicable,0,Not Applicable,Not Applicable,Not Applicable,0.0473,2024-02-13 to 2025-03-21,EURUSD=X_Passive_SMA1M_31_SMA_FALSE_TRUE_1_0.1_10,EURUSD=X_31
EURUSD=X,FX,SMA1M,31,SMA,FALSE,TRUE,EURUSD=X,out_of_sample,5,0.1,10,1000,Active,161,13.96,231,100,15.37,48,2,-20.91,-76,-31,-12.41,14,5,9,29,20.01,47,0.6676,2024-02-13 to 2025-03-21,EURUSD=X_Active_SMA1M_31_SMA_FALSE_TRUE_5_0.1_10,EURUSD=X_31
EURUSD=X,FX,SMA1M,31,SMA,FALSE,TRUE,EURUSD=X,out_of_sample,5,0.1,10,1000,Passive,-27,-2.37,Not Applicable,Not Applicable,15.99,Not Applicable,Not Applicable,-36.79,Not Applicable,Not Applicable,-14.08,Not Applicable,Not Applicable,0,Not Applicable,Not Applicable,Not Applicable,-0.0644,2024-02-13 to 2025-03-21,EURUSD=X_Passive_SMA1M_31_SMA_FALSE_TRUE_5_0.1_10,EURUSD=X_31
EURUSD=X,FX,SMA1M,31,SMA,FALSE,FALSE,EURUSD=X,out_of_sample,1,0.1,5,1000,Active,39,3.39,50,21,3.32,48,2,-4.77,-14,-6,-2.66,14,5,9,29,4.35,47,0.7107,2024-02-13 to 2025-03-21,EURUSD=X_Active_SMA1M_31_SMA_FALSE_FALSE_1_0.1_5,EURUSD=X_31
EURUSD=X,FX,SMA1M,31,SMA,FALSE,FALSE,EURUSD=X,out_of_sample,1,0.1,5,1000,Passive,5,0.4,Not Applicable,Not Applicable,3.34,Not Applicable,Not Applicable,-8.45,Not Applicable,Not Applicable,-2.87,Not Applicable,Not Applicable,0,Not Applicable,Not Applicable,Not Applicable,0.0473,2024-02-13 to 2025-03-21,EURUSD=X_Passive_SMA1M_31_SMA_FALSE_FALSE_1_0.1_5,EURUSD=X_31
EURUSD=X,FX,SMA1M,31,SMA,FALSE,FALSE,EURUSD=X,out_of_sample,5,0.1,5,1000,Active,161,13.96,231,100,15.37,48,2,-20.91,-76,-31,-12.41,14,5,9,29,20.01,47,0.6676,2024-02-13 to 2025-03-21,EURUSD=X_Active_SMA1M_31_SMA_FALSE_FALSE_5_0.1_5,EURUSD=X_31
EURUSD=X,FX,SMA1M,31,SMA,FALSE,FALSE,EURUSD=X,out_of_sample,5,0.1,5,1000,Passive,-27,-2.37,Not Applicable,Not Applicable,15.99,Not Applicable,Not Applicable,-36.79,Not Applicable,Not Applicable,-14.08,Not Applicable,Not Applicable,0,Not Applicable,Not Applicable,Not Applicable,-0.0644,2024-02-13 to 2025-03-21,EURUSD=X_Passive_SMA1M_31_SMA_FALSE_FALSE_5_0.1_5,EURUSD=X_31
EURUSD=X,FX,SMA1M,31,SMA,FALSE,FALSE,EURUSD=X,out_of_sample,1,0.1,10,1000,Active,39,3.39,50,21,3.32,48,2,-4.77,-14,-6,-2.66,14,5,9,29,4.35,47,0.7107,2024-02-13 to 2025-03-21,EURUSD=X_Active_SMA1M_31_SMA_FALSE_FALSE_1_0.1_10,EURUSD=X_31
EURUSD=X,FX,SMA1M,31,SMA,FALSE,FALSE,EURUSD=X,out_of_sample,1,0.1,10,1000,Passive,5,0.4,Not Applicable,Not Applicable,3.34,Not Applicable,Not Applicable,-8.45,Not Applicable,Not Applicable,-2.87,Not Applicable,Not Applicable,0,Not Applicable,Not Applicable,Not Applicable,0.0473,2024-02-13 to 2025-03-21,EURUSD=X_Passive_SMA1M_31_SMA_FALSE_FALSE_1_0.1_10,EURUSD=X_31
EURUSD=X,FX,SMA1M,31,SMA,FALSE,FALSE,EURUSD=X,out_of_sample,5,0.1,10,1000,Active,161,13.96,231,100,15.37,48,2,-20.91,-76,-31,-12.41,14,5,9,29,20.01,47,0.6676,2024-02-13 to 2025-03-21,EURUSD=X_Active_SMA1M_31_SMA_FALSE_FALSE_5_0.1_10,EURUSD=X_31
EURUSD=X,FX,SMA1M,31,SMA,FALSE,FALSE,EURUSD=X,out_of_sample,5,0.1,10,1000,Passive,-27,-2.37,Not Applicable,Not Applicable,15.99,Not Applicable,Not Applicable,-36.79,Not Applicable,Not Applicable,-14.08,Not Applicable,Not Applicable,0,Not Applicable,Not Applicable,Not Applicable,-0.0644,2024-02-13 to 2025-03-21,EURUSD=X_Passive_SMA1M_31_SMA_FALSE_FALSE_5_0.1_10,EURUSD=X_31
EURUSD=X,FX,SMA1M,23,SMA,TRUE,FALSE,EURUSD=X,out_of_sample,5,0.1,5,1000,Active,147,12.41,254,96,16.28,52,2,-23.15,-78,-33,-13.18,15,4,9,29,18.27,33,0.5361,2024-02-01 to 2025-03-21,EURUSD=X_Active_SMA1M_23_SMA_TRUE_FALSE_5_0.1_5,EURUSD=X_23
EURUSD=X,FX,SMA1M,23,SMA,TRUE,FALSE,EURUSD=X,out_of_sample,5,0.1,5,1000,Passive,-42,-3.61,Not Applicable,Not Applicable,15.59,Not Applicable,Not Applicable,-36.79,Not Applicable,Not Applicable,-14.07,Not Applicable,Not Applicable,0,Not Applicable,Not Applicable,Not Applicable,-0.0981,2024-02-01 to 2025-03-21,EURUSD=X_Passive_SMA1M_23_SMA_TRUE_FALSE_5_0.1_5,EURUSD=X_23
EURUSD=X,FX,SMA1M,23,SMA,TRUE,FALSE,EURUSD=X,out_of_sample,5,0.1,10,1000,Active,147,12.41,254,96,16.28,52,2,-23.15,-78,-33,-13.18,15,4,9,29,18.27,33,0.5361,2024-02-01 to 2025-03-21,EURUSD=X_Active_SMA1M_23_SMA_TRUE_FALSE_5_0.1_10,EURUSD=X_23
EURUSD=X,FX,SMA1M,23,SMA,TRUE,FALSE,EURUSD=X,out_of_sample,5,0.1,10,1000,Passive,-42,-3.61,Not Applicable,Not Applicable,15.59,Not Applicable,Not Applicable,-36.79,Not Applicable,Not Applicable,-14.07,Not Applicable,Not Applicable,0,Not Applicable,Not Applicable,Not Applicable,-0.0981,2024-02-01 to 2025-03-21,EURUSD=X_Passive_SMA1M_23_SMA_TRUE_FALSE_5_0.1_10,EURUSD=X_23
EURUSD=X,FX,SMA1M,23,SMA,FALSE,TRUE,EURUSD=X,out_of_sample,5,0.1,5,1000,Active,182,15.34,254,97,16.31,52,2,-20.79,-78,-28,-13.07,13,4,9,29,20.01,41,0.7379,2024-02-01 to 2025-03-21,EURUSD=X_Active_SMA1M_23_SMA_FALSE_TRUE_5_0.1_5,EURUSD=X_23
EURUSD=X,FX,SMA1M,23,SMA,FALSE,TRUE,EURUSD=X,out_of_sample,5,0.1,5,1000,Passive,-42,-3.61,Not Applicable,Not Applicable,15.59,Not Applicable,Not Applicable,-36.79,Not Applicable,Not Applicable,-14.07,Not Applicable,Not Applicable,0,Not Applicable,Not Applicable,Not Applicable,-0.0981,2024-02-01 to 2025-03-21,EURUSD=X_Passive_SMA1M_23_SMA_FALSE_TRUE_5_0.1_5,EURUSD=X_23
EURUSD=X,FX,SMA1M,23,SMA,FALSE,TRUE,EURUSD=X,out_of_sample,5,0.1,10,1000,Active,182,15.34,254,97,16.31,52,2,-20.79,-78,-28,-13.07,13,4,9,29,20.01,41,0.7379,2024-02-01 to 2025-03-21,EURUSD=X_Active_SMA1M_23_SMA_FALSE_TRUE_5_0.1_10,EURUSD=X_23
EURUSD=X,FX,SMA1M,23,SMA,FALSE,TRUE,EURUSD=X,out_of_sample,5,0.1,10,1000,Passive,-42,-3.61,Not Applicable,Not Applicable,15.59,Not Applicable,Not Applicable,-36.79,Not Applicable,Not Applicable,-14.07,Not Applicable,Not Applicable,0,Not Applicable,Not Applicable,Not Applicable,-0.0981,2024-02-01 to 2025-03-21,EURUSD=X_Passive_SMA1M_23_SMA_FALSE_TRUE_5_0.1_10,EURUSD=X_23
EURUSD=X,FX,SMA1M,23,SMA,FALSE,FALSE,EURUSD=X,out_of_sample,5,0.1,5,1000,Active,182,15.34,254,97,16.31,52,2,-20.79,-78,-28,-13.07,13,4,9,29,20.01,41,0.7379,2024-02-01 to 2025-03-21,EURUSD=X_Active_SMA1M_23_SMA_FALSE_FALSE_5_0.1_5,EURUSD=X_23
EURUSD=X,FX,SMA1M,23,SMA,FALSE,FALSE,EURUSD=X,out_of_sample,5,0.1,5,1000,Passive,-42,-3.61,Not Applicable,Not Applicable,15.59,Not Applicable,Not Applicable,-36.79,Not Applicable,Not Applicable,-14.07,Not Applicable,Not Applicable,0,Not Applicable,Not Applicable,Not Applicable,-0.0981,2024-02-01 to 2025-03-21,EURUSD=X_Passive_SMA1M_23_SMA_FALSE_FALSE_5_0.1_5,EURUSD=X_23
EURUSD=X,FX,SMA1M,23,SMA,FALSE,FALSE,EURUSD=X,out_of_sample,5,0.1,10,1000,Active,182,15.34,254,97,16.31,52,2,-20.79,-78,-28,-13.07,13,4,9,29,20.01,41,0.7379,2024-02-01 to 2025-03-21,EURUSD=X_Active_SMA1M_23_SMA_FALSE_FALSE_5_0.1_10,EURUSD=X_23
EURUSD=X,FX,SMA1M,23,SMA,FALSE,FALSE,EURUSD=X,out_of_sample,5,0.1,10,1000,Passive,-42,-3.61,Not Applicable,Not Applicable,15.59,Not Applicable,Not Applicable,-36.79,Not Applicable,Not Applicable,-14.07,Not Applicable,Not Applicable,0,Not Applicable,Not Applicable,Not Applicable,-0.0981,2024-02-01 to 2025-03-21,EURUSD=X_Passive_SMA1M_23_SMA_FALSE_FALSE_5_0.1_10,EURUSD=X_23
EURUSD=X,FX,SMA1M,27,SMA,TRUE,TRUE,EURUSD=X,out_of_sample,1,0.1,5,1000,Active,32,2.75,50,19,3.31,48,2,-4.77,-14,-5,-2.65,13,5,9,28,3.92,42,0.5765,2024-02-07 to 2025-03-21,EURUSD=X_Active_SMA1M_27_SMA_TRUE_TRUE_1_0.1_5,EURUSD=X_27
EURUSD=X,FX,SMA1M,27,SMA,TRUE,TRUE,EURUSD=X,out_of_sample,1,0.1,5,1000,Passive,6,0.51,Not Applicable,Not Applicable,3.3,Not Applicable,Not Applicable,-8.45,Not Applicable,Not Applicable,-2.87,Not Applicable,Not Applicable,0,Not Applicable,Not Applicable,Not Applicable,0.0604,2024-02-07 to 2025-03-21,EURUSD=X_Passive_SMA1M_27_SMA_TRUE_TRUE_1_0.1_5,EURUSD=X_27
EURUSD=X,FX,SMA1M,27,SMA,TRUE,TRUE,EURUSD=X,out_of_sample,5,0.1,5,1000,Active,94,8.08,225,88,15.39,48,2,-23.27,-74,-31,-12.6,14,5,9,28,15.96,35,0.3472,2024-02-07 to 2025-03-21,EURUSD=X_Active_SMA1M_27_SMA_TRUE_TRUE_5_0.1_5,EURUSD=X_27
EURUSD=X,FX,SMA1M,27,SMA,TRUE,TRUE,EURUSD=X,out_of_sample,5,0.1,5,1000,Passive,-21,-1.78,Not Applicable,Not Applicable,15.88,Not Applicable,Not Applicable,-36.8,Not Applicable,Not Applicable,-14.16,Not Applicable,Not Applicable,0,Not Applicable,Not Applicable,Not Applicable,-0.0484,2024-02-07 to 2025-03-21,EURUSD=X_Passive_SMA1M_27_SMA_TRUE_TRUE_5_0.1_5,EURUSD=X_27
EURUSD=X,FX,SMA1M,27,SMA,TRUE,TRUE,EURUSD=X,out_of_sample,1,0.1,10,1000,Active,32,2.75,50,19,3.31,48,2,-4.77,-14,-5,-2.65,13,5,9,28,3.92,42,0.5765,2024-02-07 to 2025-03-21,EURUSD=X_Active_SMA1M_27_SMA_TRUE_TRUE_1_0.1_10,EURUSD=X_27
EURUSD=X,FX,SMA1M,27,SMA,TRUE,TRUE,EURUSD=X,out_of_sample,1,0.1,10,1000,Passive,6,0.51,Not Applicable,Not Applicable,3.3,Not Applicable,Not Applicable,-8.45,Not Applicable,Not Applicable,-2.87,Not Applicable,Not Applicable,0,Not Applicable,Not Applicable,Not Applicable,0.0604,2024-02-07 to 2025-03-21,EURUSD=X_Passive_SMA1M_27_SMA_TRUE_TRUE_1_0.1_10,EURUSD=X_27
EURUSD=X,FX,SMA1M,27,SMA,TRUE,TRUE,EURUSD=X,out_of_sample,5,0.1,10,1000,Active,94,8.08,225,88,15.39,48,2,-23.27,-74,-31,-12.6,14,5,9,28,15.96,35,0.3472,2024-02-07 to 2025-03-21,EURUSD=X_Active_SMA1M_27_SMA_TRUE_TRUE_5_0.1_10,EURUSD=X_27
EURUSD=X,FX,SMA1M,27,SMA,TRUE,TRUE,EURUSD=X,out_of_sample,5,0.1,10,1000,Passive,-21,-1.78,Not Applicable,Not Applicable,15.88,Not Applicable,Not Applicable,-36.8,Not Applicable,Not Applicable,-14.16,Not Applicable,Not Applicable,0,Not Applicable,Not Applicable,Not Applicable,-0.0484,2024-02-07 to 2025-03-21,EURUSD=X_Passive_SMA1M_27_SMA_TRUE_TRUE_5_0.1_10,EURUSD=X_27
EURUSD=X,FX,SMA1M,27,SMA,TRUE,FALSE,EURUSD=X,out_of_sample,1,0.1,5,1000,Active,32,2.75,50,19,3.31,48,2,-4.77,-14,-5,-2.65,13,5,9,28,3.92,42,0.5765,2024-02-07 to 2025-03-21,EURUSD=X_Active_SMA1M_27_SMA_TRUE_FALSE_1_0.1_5,EURUSD=X_27
EURUSD=X,FX,SMA1M,27,SMA,TRUE,FALSE,EURUSD=X,out_of_sample,1,0.1,5,1000,Passive,6,0.51,Not Applicable,Not Applicable,3.3,Not Applicable,Not Applicable,-8.45,Not Applicable,Not Applicable,-2.87,Not Applicable,Not Applicable,0,Not Applicable,Not Applicable,Not Applicable,0.0604,2024-02-07 to 2025-03-21,EURUSD=X_Passive_SMA1M_27_SMA_TRUE_FALSE_1_0.1_5,EURUSD=X_27
EURUSD=X,FX,SMA1M,27,SMA,TRUE,FALSE,EURUSD=X,out_of_sample,5,0.1,5,1000,Active,94,8.08,225,88,15.39,48,2,-23.27,-74,-31,-12.6,14,5,9,28,15.96,35,0.3472,2024-02-07 to 2025-03-21,EURUSD=X_Active_SMA1M_27_SMA_TRUE_FALSE_5_0.1_5,EURUSD=X_27
EURUSD=X,FX,SMA1M,27,SMA,TRUE,FALSE,EURUSD=X,out_of_sample,5,0.1,5,1000,Passive,-21,-1.78,Not Applicable,Not Applicable,15.88,Not Applicable,Not Applicable,-36.8,Not Applicable,Not Applicable,-14.16,Not Applicable,Not Applicable,0,Not Applicable,Not Applicable,Not Applicable,-0.0484,2024-02-07 to 2025-03-21,EURUSD=X_Passive_SMA1M_27_SMA_TRUE_FALSE_5_0.1_5,EURUSD=X_27
EURUSD=X,FX,SMA1M,27,SMA,TRUE,FALSE,EURUSD=X,out_of_sample,1,0.1,10,1000,Active,32,2.75,50,19,3.31,48,2,-4.77,-14,-5,-2.65,13,5,9,28,3.92,42,0.5765,2024-02-07 to 2025-03-21,EURUSD=X_Active_SMA1M_27_SMA_TRUE_FALSE_1_0.1_10,EURUSD=X_27
EURUSD=X,FX,SMA1M,27,SMA,TRUE,FALSE,EURUSD=X,out_of_sample,1,0.1,10,1000,Passive,6,0.51,Not Applicable,Not Applicable,3.3,Not Applicable,Not Applicable,-8.45,Not Applicable,Not Applicable,-2.87,Not Applicable,Not Applicable,0,Not Applicable,Not Applicable,Not Applicable,0.0604,2024-02-07 to 2025-03-21,EURUSD=X_Passive_SMA1M_27_SMA_TRUE_FALSE_1_0.1_10,EURUSD=X_27
EURUSD=X,FX,SMA1M,27,SMA,TRUE,FALSE,EURUSD=X,out_of_sample,5,0.1,10,1000,Active,94,8.08,225,88,15.39,48,2,-23.27,-74,-31,-12.6,14,5,9,28,15.96,35,0.3472,2024-02-07 to 2025-03-21,EURUSD=X_Active_SMA1M_27_SMA_TRUE_FALSE_5_0.1_10,EURUSD=X_27
EURUSD=X,FX,SMA1M,27,SMA,TRUE,FALSE,EURUSD=X,out_of_sample,5,0.1,10,1000,Passive,-21,-1.78,Not Applicable,Not Applicable,15.88,Not Applicable,Not Applicable,-36.8,Not Applicable,Not Applicable,-14.16,Not Applicable,Not Applicable,0,Not Applicable,Not Applicable,Not Applicable,-0.0484,2024-02-07 to 2025-03-21,EURUSD=X_Passive_SMA1M_27_SMA_TRUE_FALSE_5_0.1_10,EURUSD=X_27
EURUSD=X,FX,SMA1M,27,SMA,FALSE,TRUE,EURUSD=X,out_of_sample,1,0.1,5,1000,Active,32,2.75,50,19,3.31,48,2,-4.77,-14,-5,-2.65,13,5,9,28,3.92,42,0.5765,2024-02-07 to 2025-03-21,EURUSD=X_Active_SMA1M_27_SMA_FALSE_TRUE_1_0.1_5,EURUSD=X_27
EURUSD=X,FX,SMA1M,27,SMA,FALSE,TRUE,EURUSD=X,out_of_sample,1,0.1,5,1000,Passive,6,0.51,Not Applicable,Not Applicable,3.3,Not Applicable,Not Applicable,-8.45,Not Applicable,Not Applicable,-2.87,Not Applicable,Not Applicable,0,Not Applicable,Not Applicable,Not Applicable,0.0604,2024-02-07 to 2025-03-21,EURUSD=X_Passive_SMA1M_27_SMA_FALSE_TRUE_1_0.1_5,EURUSD=X_27
EURUSD=X,FX,SMA1M,27,SMA,FALSE,TRUE,EURUSD=X,out_of_sample,5,0.1,5,1000,Active,128,10.94,225,89,15.41,48,2,-20.91,-74,-26,-12.49,13,5,9,28,17.64,42,0.5232,2024-02-07 to 2025-03-21,EURUSD=X_Active_SMA1M_27_SMA_FALSE_TRUE_5_0.1_5,EURUSD=X_27
EURUSD=X,FX,SMA1M,27,SMA,FALSE,TRUE,EURUSD=X,out_of_sample,5,0.1,5,1000,Passive,-21,-1.78,Not Applicable,Not Applicable,15.88,Not Applicable,Not Applicable,-36.8,Not Applicable,Not Applicable,-14.16,Not Applicable,Not Applicable,0,Not Applicable,Not Applicable,Not Applicable,-0.0484,2024-02-07 to 2025-03-21,EURUSD=X_Passive_SMA1M_27_SMA_FALSE_TRUE_5_0.1_5,EURUSD=X_27
EURUSD=X,FX,SMA1M,27,SMA,FALSE,TRUE,EURUSD=X,out_of_sample,1,0.1,10,1000,Active,32,2.75,50,19,3.31,48,2,-4.77,-14,-5,-2.65,13,5,9,28,3.92,42,0.5765,2024-02-07 to 2025-03-21,EURUSD=X_Active_SMA1M_27_SMA_FALSE_TRUE_1_0.1_10,EURUSD=X_27
EURUSD=X,FX,SMA1M,27,SMA,FALSE,TRUE,EURUSD=X,out_of_sample,1,0.1,10,1000,Passive,6,0.51,Not Applicable,Not Applicable,3.3,Not Applicable,Not Applicable,-8.45,Not Applicable,Not Applicable,-2.87,Not Applicable,Not Applicable,0,Not Applicable,Not Applicable,Not Applicable,0.0604,2024-02-07 to 2025-03-21,EURUSD=X_Passive_SMA1M_27_SMA_FALSE_TRUE_1_0.1_10,EURUSD=X_27
EURUSD=X,FX,SMA1M,27,SMA,FALSE,TRUE,EURUSD=X,out_of_sample,5,0.1,10,1000,Active,128,10.94,225,89,15.41,48,2,-20.91,-74,-26,-12.49,13,5,9,28,17.64,42,0.5232,2024-02-07 to 2025-03-21,EURUSD=X_Active_SMA1M_27_SMA_FALSE_TRUE_5_0.1_10,EURUSD=X_27
EURUSD=X,FX,SMA1M,27,SMA,FALSE,TRUE,EURUSD=X,out_of_sample,5,0.1,10,1000,Passive,-21,-1.78,Not Applicable,Not Applicable,15.88,Not Applicable,Not Applicable,-36.8,Not Applicable,Not Applicable,-14.16,Not Applicable,Not Applicable,0,Not Applicable,Not Applicable,Not Applicable,-0.0484,2024-02-07 to 2025-03-21,EURUSD=X_Passive_SMA1M_27_SMA_FALSE_TRUE_5_0.1_10,EURUSD=X_27
EURUSD=X,FX,SMA1M,27,SMA,FALSE,FALSE,EURUSD=X,out_of_sample,1,0.1,5,1000,Active,32,2.75,50,19,3.31,48,2,-4.77,-14,-5,-2.65,13,5,9,28,3.92,42,0.5765,2024-02-07 to 2025-03-21,EURUSD=X_Active_SMA1M_27_SMA_FALSE_FALSE_1_0.1_5,EURUSD=X_27
EURUSD=X,FX,SMA1M,27,SMA,FALSE,FALSE,EURUSD=X,out_of_sample,1,0.1,5,1000,Passive,6,0.51,Not Applicable,Not Applicable,3.3,Not Applicable,Not Applicable,-8.45,Not Applicable,Not Applicable,-2.87,Not Applicable,Not Applicable,0,Not Applicable,Not Applicable,Not Applicable,0.0604,2024-02-07 to 2025-03-21,EURUSD=X_Passive_SMA1M_27_SMA_FALSE_FALSE_1_0.1_5,EURUSD=X_27
EURUSD=X,FX,SMA1M,27,SMA,FALSE,FALSE,EURUSD=X,out_of_sample,5,0.1,5,1000,Active,128,10.94,225,89,15.41,48,2,-20.91,-74,-26,-12.49,13,5,9,28,17.64,42,0.5232,2024-02-07 to 2025-03-21,EURUSD=X_Active_SMA1M_27_SMA_FALSE_FALSE_5_0.1_5,EURUSD=X_27
EURUSD=X,FX,SMA1M,27,SMA,FALSE,FALSE,EURUSD=X,out_of_sample,5,0.1,5,1000,Passive,-21,-1.78,Not Applicable,Not Applicable,15.88,Not Applicable,Not Applicable,-36.8,Not Applicable,Not Applicable,-14.16,Not Applicable,Not Applicable,0,Not Applicable,Not Applicable,Not Applicable,-0.0484,2024-02-07 to 2025-03-21,EURUSD=X_Passive_SMA1M_27_SMA_FALSE_FALSE_5_0.1_5,EURUSD=X_27
EURUSD=X,FX,SMA1M,27,SMA,FALSE,FALSE,EURUSD=X,out_of_sample,1,0.1,10,1000,Active,32,2.75,50,19,3.31,48,2,-4.77,-14,-5,-2.65,13,5,9,28,3.92,42,0.5765,2024-02-07 to 2025-03-21,EURUSD=X_Active_SMA1M_27_SMA_FALSE_FALSE_1_0.1_10,EURUSD=X_27
EURUSD=X,FX,SMA1M,27,SMA,FALSE,FALSE,EURUSD=X,out_of_sample,1,0.1,10,1000,Passive,6,0.51,Not Applicable,Not Applicable,3.3,Not Applicable,Not Applicable,-8.45,Not Applicable,Not Applicable,-2.87,Not Applicable,Not Applicable,0,Not Applicable,Not Applicable,Not Applicable,0.0604,2024-02-07 to 2025-03-21,EURUSD=X_Passive_SMA1M_27_SMA_FALSE_FALSE_1_0.1_10,EURUSD=X_27
EURUSD=X,FX,SMA1M,27,SMA,FALSE,FALSE,EURUSD=X,out_of_sample,5,0.1,10,1000,Active,128,10.94,225,89,15.41,48,2,-20.91,-74,-26,-12.49,13,5,9,28,17.64,42,0.5232,2024-02-07 to 2025-03-21,EURUSD=X_Active_SMA1M_27_SMA_FALSE_FALSE_5_0.1_10,EURUSD=X_27
EURUSD=X,FX,SMA1M,27,SMA,FALSE,FALSE,EURUSD=X,out_of_sample,5,0.1,10,1000,Passive,-21,-1.78,Not Applicable,Not Applicable,15.88,Not Applicable,Not Applicable,-36.8,Not Applicable,Not Applicable,-14.16,Not Applicable,Not Applicable,0,Not Applicable,Not Applicable,Not Applicable,-0.0484,2024-02-07 to 2025-03-21,EURUSD=X_Passive_SMA1M_27_SMA_FALSE_FALSE_5_0.1_10,EURUSD=X_27
EURUSD=X,FX,SMA1M,35,SMA,TRUE,TRUE,EURUSD=X,out_of_sample,1,0.1,5,1000,Active,44,3.89,50,25,3.33,59,2,-4.77,-14,-5,-2.68,13,6,8,25,5,41,0.8155,2024-02-19 to 2025-03-21,EURUSD=X_Active_SMA1M_35_SMA_TRUE_TRUE_1_0.1_5,EURUSD=X_35
EURUSD=X,FX,SMA1M,35,SMA,TRUE,TRUE,EURUSD=X,out_of_sample,1,0.1,5,1000,Passive,3,0.29,Not Applicable,Not Applicable,3.36,Not Applicable,Not Applicable,-8.45,Not Applicable,Not Applicable,-2.85,Not Applicable,Not Applicable,0,Not Applicable,Not Applicable,Not Applicable,0.0343,2024-02-19 to 2025-03-21,EURUSD=X_Passive_SMA1M_35_SMA_TRUE_TRUE_1_0.1_5,EURUSD=X_35
EURUSD=X,FX,SMA1M,35,SMA,TRUE,TRUE,EURUSD=X,out_of_sample,1,0.1,10,1000,Active,44,3.89,50,25,3.33,59,2,-4.77,-14,-5,-2.68,13,6,8,25,5,41,0.8155,2024-02-19 to 2025-03-21,EURUSD=X_Active_SMA1M_35_SMA_TRUE_TRUE_1_0.1_10,EURUSD=X_35
EURUSD=X,FX,SMA1M,35,SMA,TRUE,TRUE,EURUSD=X,out_of_sample,1,0.1,10,1000,Passive,3,0.29,Not Applicable,Not Applicable,3.36,Not Applicable,Not Applicable,-8.45,Not Applicable,Not Applicable,-2.85,Not Applicable,Not Applicable,0,Not Applicable,Not Applicable,Not Applicable,0.0343,2024-02-19 to 2025-03-21,EURUSD=X_Passive_SMA1M_35_SMA_TRUE_TRUE_1_0.1_10,EURUSD=X_35
EURUSD=X,FX,SMA1M,35,SMA,TRUE,FALSE,EURUSD=X,out_of_sample,1,0.1,5,1000,Active,44,3.89,50,25,3.33,59,2,-4.77,-14,-5,-2.68,13,6,8,25,5,41,0.8155,2024-02-19 to 2025-03-21,EURUSD=X_Active_SMA1M_35_SMA_TRUE_FALSE_1_0.1_5,EURUSD=X_35
EURUSD=X,FX,SMA1M,35,SMA,TRUE,FALSE,EURUSD=X,out_of_sample,1,0.1,5,1000,Passive,3,0.29,Not Applicable,Not Applicable,3.36,Not Applicable,Not Applicable,-8.45,Not Applicable,Not Applicable,-2.85,Not Applicable,Not Applicable,0,Not Applicable,Not Applicable,Not Applicable,0.0343,2024-02-19 to 2025-03-21,EURUSD=X_Passive_SMA1M_35_SMA_TRUE_FALSE_1_0.1_5,EURUSD=X_35
EURUSD=X,FX,SMA1M,35,SMA,TRUE,FALSE,EURUSD=X,out_of_sample,5,0.1,5,1000,Active,158,13.87,238,120,15.69,59,2,-23.27,-78,-32,-12.89,15,6,8,25,22,33,0.596,2024-02-19 to 2025-03-21,EURUSD=X_Active_SMA1M_35_SMA_TRUE_FALSE_5_0.1_5,EURUSD=X_35
EURUSD=X,FX,SMA1M,35,SMA,TRUE,FALSE,EURUSD=X,out_of_sample,5,0.1,5,1000,Passive,-32,-2.87,Not Applicable,Not Applicable,16.01,Not Applicable,Not Applicable,-36.79,Not Applicable,Not Applicable,-13.9,Not Applicable,Not Applicable,0,Not Applicable,Not Applicable,Not Applicable,-0.078,2024-02-19 to 2025-03-21,EURUSD=X_Passive_SMA1M_35_SMA_TRUE_FALSE_5_0.1_5,EURUSD=X_35
EURUSD=X,FX,SMA1M,35,SMA,TRUE,FALSE,EURUSD=X,out_of_sample,1,0.1,10,1000,Active,44,3.89,50,25,3.33,59,2,-4.77,-14,-5,-2.68,13,6,8,25,5,41,0.8155,2024-02-19 to 2025-03-21,EURUSD=X_Active_SMA1M_35_SMA_TRUE_FALSE_1_0.1_10,EURUSD=X_35
EURUSD=X,FX,SMA1M,35,SMA,TRUE,FALSE,EURUSD=X,out_of_sample,1,0.1,10,1000,Passive,3,0.29,Not Applicable,Not Applicable,3.36,Not Applicable,Not Applicable,-8.45,Not Applicable,Not Applicable,-2.85,Not Applicable,Not Applicable,0,Not Applicable,Not Applicable,Not Applicable,0.0343,2024-02-19 to 2025-03-21,EURUSD=X_Passive_SMA1M_35_SMA_TRUE_FALSE_1_0.1_10,EURUSD=X_35
EURUSD=X,FX,SMA1M,35,SMA,TRUE,FALSE,EURUSD=X,out_of_sample,5,0.1,10,1000,Active,158,13.87,238,120,15.69,59,2,-23.27,-78,-32,-12.89,15,6,8,25,22,33,0.596,2024-02-19 to 2025-03-21,EURUSD=X_Active_SMA1M_35_SMA_TRUE_FALSE_5_0.1_10,EURUSD=X_35
EURUSD=X,FX,SMA1M,35,SMA,TRUE,FALSE,EURUSD=X,out_of_sample,5,0.1,10,1000,Passive,-32,-2.87,Not Applicable,Not Applicable,16.01,Not Applicable,Not Applicable,-36.79,Not Applicable,Not Applicable,-13.9,Not Applicable,Not Applicable,0,Not Applicable,Not Applicable,Not Applicable,-0.078,2024-02-19 to 2025-03-21,EURUSD=X_Passive_SMA1M_35_SMA_TRUE_FALSE_5_0.1_10,EURUSD=X_35
EURUSD=X,FX,SMA1M,35,SMA,FALSE,TRUE,EURUSD=X,out_of_sample,1,0.1,5,1000,Active,44,3.89,50,25,3.33,59,2,-4.77,-14,-5,-2.68,13,6,8,25,5,41,0.8155,2024-02-19 to 2025-03-21,EURUSD=X_Active_SMA1M_35_SMA_FALSE_TRUE_1_0.1_5,EURUSD=X_35
EURUSD=X,FX,SMA1M,35,SMA,FALSE,TRUE,EURUSD=X,out_of_sample,1,0.1,5,1000,Passive,3,0.29,Not Applicable,Not Applicable,3.36,Not Applicable,Not Applicable,-8.45,Not Applicable,Not Applicable,-2.85,Not Applicable,Not Applicable,0,Not Applicable,Not Applicable,Not Applicable,0.0343,2024-02-19 to 2025-03-21,EURUSD=X_Passive_SMA1M_35_SMA_FALSE_TRUE_1_0.1_5,EURUSD=X_35
EURUSD=X,FX,SMA1M,35,SMA,FALSE,TRUE,EURUSD=X,out_of_sample,5,0.1,5,1000,Active,193,16.96,238,121,15.72,59,2,-20.91,-78,-26,-12.77,13,6,8,25,23.75,41,0.8111,2024-02-19 to 2025-03-21,EURUSD=X_Active_SMA1M_35_SMA_FALSE_TRUE_5_0.1_5,EURUSD=X_35
EURUSD=X,FX,SMA1M,35,SMA,FALSE,TRUE,EURUSD=X,out_of_sample,5,0.1,5,1000,Passive,-32,-2.87,Not Applicable,Not Applicable,16.01,Not Applicable,Not Applicable,-36.79,Not Applicable,Not Applicable,-13.9,Not Applicable,Not Applicable,0,Not Applicable,Not Applicable,Not Applicable,-0.078,2024-02-19 to 2025-03-21,EURUSD=X_Passive_SMA1M_35_SMA_FALSE_TRUE_5_0.1_5,EURUSD=X_35
EURUSD=X,FX,SMA1M,35,SMA,FALSE,TRUE,EURUSD=X,out_of_sample,1,0.1,10,1000,Active,44,3.89,50,25,3.33,59,2,-4.77,-14,-5,-2.68,13,6,8,25,5,41,0.8155,2024-02-19 to 2025-03-21,EURUSD=X_Active_SMA1M_35_SMA_FALSE_TRUE_1_0.1_10,EURUSD=X_35
EURUSD=X,FX,SMA1M,35,SMA,FALSE,TRUE,EURUSD=X,out_of_sample,1,0.1,10,1000,Passive,3,0.29,Not Applicable,Not Applicable,3.36,Not Applicable,Not Applicable,-8.45,Not Applicable,Not Applicable,-2.85,Not Applicable,Not Applicable,0,Not Applicable,Not Applicable,Not Applicable,0.0343,2024-02-19 to 2025-03-21,EURUSD=X_Passive_SMA1M_35_SMA_FALSE_TRUE_1_0.1_10,EURUSD=X_35
EURUSD=X,FX,SMA1M,35,SMA,FALSE,TRUE,EURUSD=X,out_of_sample,5,0.1,10,1000,Active,193,16.96,238,121,15.72,59,2,-20.91,-78,-26,-12.77,13,6,8,25,23.75,41,0.8111,2024-02-19 to 2025-03-21,EURUSD=X_Active_SMA1M_35_SMA_FALSE_TRUE_5_0.1_10,EURUSD=X_35
EURUSD=X,FX,SMA1M,35,SMA,FALSE,TRUE,EURUSD=X,out_of_sample,5,0.1,10,1000,Passive,-32,-2.87,Not Applicable,Not Applicable,16.01,Not Applicable,Not Applicable,-36.79,Not Applicable,Not Applicable,-13.9,Not Applicable,Not Applicable,0,Not Applicable,Not Applicable,Not Applicable,-0.078,2024-02-19 to 2025-03-21,EURUSD=X_Passive_SMA1M_35_SMA_FALSE_TRUE_5_0.1_10,EURUSD=X_35
EURUSD=X,FX,SMA1M,35,SMA,FALSE,FALSE,EURUSD=X,out_of_sample,1,0.1,5,1000,Active,44,3.89,50,25,3.33,59,2,-4.77,-14,-5,-2.68,13,6,8,25,5,41,0.8155,2024-02-19 to 2025-03-21,EURUSD=X_Active_SMA1M_35_SMA_FALSE_FALSE_1_0.1_5,EURUSD=X_35
EURUSD=X,FX,SMA1M,35,SMA,FALSE,FALSE,EURUSD=X,out_of_sample,1,0.1,5,1000,Passive,3,0.29,Not Applicable,Not Applicable,3.36,Not Applicable,Not Applicable,-8.45,Not Applicable,Not Applicable,-2.85,Not Applicable,Not Applicable,0,Not Applicable,Not Applicable,Not Applicable,0.0343,2024-02-19 to 2025-03-21,EURUSD=X_Passive_SMA1M_35_SMA_FALSE_FALSE_1_0.1_5,EURUSD=X_35
EURUSD=X,FX,SMA1M,35,SMA,FALSE,FALSE,EURUSD=X,out_of_sample,5,0.1,5,1000,Active,193,16.96,238,121,15.72,59,2,-20.91,-78,-26,-12.77,13,6,8,25,23.75,41,0.8111,2024-02-19 to 2025-03-21,EURUSD=X_Active_SMA1M_35_SMA_FALSE_FALSE_5_0.1_5,EURUSD=X_35
EURUSD=X,FX,SMA1M,35,SMA,FALSE,FALSE,EURUSD=X,out_of_sample,5,0.1,5,1000,Passive,-32,-2.87,Not Applicable,Not Applicable,16.01,Not Applicable,Not Applicable,-36.79,Not Applicable,Not Applicable,-13.9,Not Applicable,Not Applicable,0,Not Applicable,Not Applicable,Not Applicable,-0.078,2024-02-19 to 2025-03-21,EURUSD=X_Passive_SMA1M_35_SMA_FALSE_FALSE_5_0.1_5,EURUSD=X_35
EURUSD=X,FX,SMA1M,35,SMA,FALSE,FALSE,EURUSD=X,out_of_sample,1,0.1,10,1000,Active,44,3.89,50,25,3.33,59,2,-4.77,-14,-5,-2.68,13,6,8,25,5,41,0.8155,2024-02-19 to 2025-03-21,EURUSD=X_Active_SMA1M_35_SMA_FALSE_FALSE_1_0.1_10,EURUSD=X_35
EURUSD=X,FX,SMA1M,35,SMA,FALSE,FALSE,EURUSD=X,out_of_sample,1,0.1,10,1000,Passive,3,0.29,Not Applicable,Not Applicable,3.36,Not Applicable,Not Applicable,-8.45,Not Applicable,Not Applicable,-2.85,Not Applicable,Not Applicable,0,Not Applicable,Not Applicable,Not Applicable,0.0343,2024-02-19 to 2025-03-21,EURUSD=X_Passive_SMA1M_35_SMA_FALSE_FALSE_1_0.1_10,EURUSD=X_35
EURUSD=X,FX,SMA1M,35,SMA,FALSE,FALSE,EURUSD=X,out_of_sample,5,0.1,10,1000,Active,193,16.96,238,121,15.72,59,2,-20.91,-78,-26,-12.77,13,6,8,25,23.75,41,0.8111,2024-02-19 to 2025-03-21,EURUSD=X_Active_SMA1M_35_SMA_FALSE_FALSE_5_0.1_10,EURUSD=X_35
EURUSD=X,FX,SMA1M,35,SMA,FALSE,FALSE,EURUSD=X,out_of_sample,5,0.1,10,1000,Passive,-32,-2.87,Not Applicable,Not Applicable,16.01,Not Applicable,Not Applicable,-36.79,Not Applicable,Not Applicable,-13.9,Not Applicable,Not Applicable,0,Not Applicable,Not Applicable,Not Applicable,-0.078,2024-02-19 to 2025-03-21,EURUSD=X_Passive_SMA1M_35_SMA_FALSE_FALSE_5_0.1_10,EURUSD=X_35
